"name"	"gene_name"	"type"	"sequence"	
"CD339"	"CAD"	"F"	"UAYGGYAAUCGYGGCCAYAAUCAA"	";"
"338F"	"CAD"	"F"	"ATGAARTAYGGYAATCGTGGHCAYAA"	";"
"CD284F"	"CAD"	"F"	"TTCGATGGCCTNTTYATHAGYAAYGG"	";"
"CD338F"	"CAD"	"F"	"ATGAARTAYGGYAATCGTGGHCAYAA"	";"
"CD359F"	"CAD"	"F"	"ATGACHTCHCARAAYCACGGHTTYGC"	";"
"CD439F"	"CAD"	"F"	"TTCAGTGTACARTTYCAYCCHGARCAYAC"	";"
"CD398F"	"CAD"	"F"	"GARCAYACAGCNGGNCCNCAAGA "	";"
"680R"	"CAD"	"R"	"GARTAYGARGTKGTNCGNGAYGCNTT"	";"
"680R2"	"CAD"	"R"	"TARGCRTCYCT?ACWACYTCRTAYTC"	";"
"C680R"	"CAD"	"R"	"GARTAYGARGTKGTNCGNGAYGCNTT"	";"
"C680R2"	"CAD"	"R"	"TARGCRTCYCT?ACWACYTCRTAYTC"	";"
"C688AR"	"CAD"	"R"	"TCGAGATTTTCCATGTTGCACAC"	";"
"CD696R"	"CAD"	"R"	"AANGGRTCNACRTTTTCCATATT "	";"
"CD668R"	"CAD"	"R"	"ACGACTTCATAYTCNACYTCYTTCCA"	";"
"CD680R"	"CAD"	"R"	"GARTAYGARGTKGTNCGNGAYGCNTT"	";"
"CD680R2"	"CAD"	"R"	"TARGCRTCYCT?ACWACYTCRTAYTC"	";"
"CD688AR"	"CAD"	"R"	"TCGAGATTTTCCATGTTGCACAC"	";"
"CD688R"	"CAD"	"R"	"TGTATACCTAGAGGATCDACRTTYTCCATRTTRCA"	";"
"CD515R"	"CAD"	"R"	"GCTTGCGATCCNGARTARTCRAAYTC"	";"
"CD562R"	"CAD"	"R"	"TCGGCCCTAATAACYTGYTCNACRTAYTC"	";"
"C830AF"	"CAD"	"F"	"AGYGTYGGCGAGGTTATGGCTATTGG"	";"
				
"581F2"	"CAD"	"F"	"GGWGGWCAAACWGCWYTMAAYTGYGG"	";"
"581F4"	"CAD"	"F"	"GGWGGWCAAACTGCWYTMAAYTGYGG"	";"
"C581F2"	"CAD"	"F"	"GGWGGWCAAACWGCWYTMAAYTGYGG"	";"
"C581F4"	"CAD"	"F"	"GGWGGWCAAACTGCWYTMAAYTGYGG"	";"
"CD581F2"	"CAD"	"F"	"GGWGGWCAAACWGCWYTMAAYTGYGG"	";"
"CD581F4"	"CAD"	"F"	"GGWGGWCAAACTGCWYTMAAYTGYGG"	";"
"CD609F"	"CAD"	"F"	"ACACCTATTGATVCTATYATWGAYACNGARGA"	";"
"CD630F"	"CAD"	"F"	"TCTCTTGGAGGTTTRGGNTCDGGDTTYGC"	";"
"CD660F"	"CAD"	"F"	"ATCATCGACAAGTCTCTBAARGGHTGGAARGA"	";"
"CD667F"	"CAD"	"F"	"GGATGGAAGGAAGTDGARTAYGARGT"	";"
"CD509F"	"CAD"	"F"	"TCAATCGGTCAAGCNGGDGARTTYGA"	";"
"CD828R"	"CAD"	"R"	"GCCATTACYTCNCCNACACTYTTCAT"	";"
"CD829R"	"CAD"	"R"	"GCCATTACYTCNCCNACACTYTTCAT"	";"
"843R"	"CAD"	"R"	"TTYGARGARGCNTTYCARAARGC"	";"
"C843R"	"CAD"	"R"	"TTYGARGARGCNTTYCARAARGC"	";"
"CD843R"	"CAD"	"R"	"TTYGARGARGCNTTYCARAARGC"	";"
"CD851R"	"CAD"	"R"	"GGATCGAAGCCATTHACATTYTCRTCHACCAT"	";"
"CD948R"	"CAD"	"R"	"ACAGTRTCAATYTGTTT"	";"
"CD984R"	"CAD"	"R"	"ACAGTRTCAATYTGTTT"	";"
				
"791F2"	"CAD"	"F"	"GTNACNGGNCAANCAACTGCCTG"	";"
"806F"	"CAD"	"F"	"GTNGTNAARATGCCNMGNTGGGA"	";"
"806F"	"CAD"	"F"	"GTNGTNAARATGCCNMGNTGGGA"	";"
"806F3"	"CAD"	"F"	"TTAYTGYGTTGTNAARATWCCNMGNTGGGA ;"	
"C791F2"	"CAD"	"F"	"GTNACNGGNCAANCAACTGCCTG"	";"
"C806F3"	"CAD"	"F"	"TTAYTGYGTTGTNAARATWCCNMGNTGGGA"	";"
"C806Fa"	"CAD"	"F"	"GTBGTBAARATYCCNCGNTGGGA"	";"
"CD791F2"	"CAD"	"F"	"GTNACNGGNCAANCAACTGCCTG"	";"
"CD806F"	"CAD"	"F"	"GTNGTNAARATGCCNMGNTGGGA"	";"
"CD806F3"	"CAD"	"F"	"TTAYTGYGTTGTNAARATWCCNMGNTGGGA"	";"
"CD806Fa"	"CAD"	"F"	"GTBGTBAARATYCCNCGNTGGGA"	";"
"CD821F"	"CAD"	"F"	"AGCACGAAAATHGGNAGYTCNATGAARAG"	";"
"CD830AF"	"CAD"	"F"	"AGYGTYGGCGAGGTTATGGCTATTGG"	";"
"CD832F"	"CAD"	"F"	"GGTGAAGTTATGGCTATAGGACGC"	";"
"1098R"	"CAD"	"R"	"TTNGGNAGYTGNCCNCCCAT"	";"
"1098Ra"	"CAD"	"R"	"TTRTTNGGNARYTGNCCNCCCAT"	";"
"1098R2"	"CAD"	"R"	"GCTATGTTGTTNGGNAGYTGDCCNCCCAT"	";"
"1231R"	"CAD"	"R"	"TCCACGTGTTCNGANACNGCCATRCA"	";"
"1250R"	"CAD"	"R"	"TCRTTNTTYTTWGCRATYAAYTGCAT"	";"
"1129R"	"CAD"	"R"	"ATTCTRGCTTGYTGYCTRTGYAAATCCAT"	";"
"1098R2"	"CAD"	"R"	"GCTATGTTGTTNGGNAGYTGDCCNCCCAT"	";"
"CD1098R2"	"CAD"	"R"	"GCTATGTTGTTNGGNAGYTGDCCNCCCAT"	";"
"CD109R2"	"CAD"	"R"	"GCTATGTTGTTNGGNAGYTGDCCNCCCAT"	";"
"C1098R"	"CAD"	"R"	"TTNGGNAGYTGNCCNCCCAT"	";"
"C1129R"	"CAD"	"R"	"ATTCTRGCTTGYTGYCTRTGYAAATCCAT"	";"
"C1231R"	"CAD"	"R"	"TCCACGTGTTCNGANACNGCCATRCA"	";"
"C125R1"	"CAD"	"R"	"TCRTTNTTYTTWGCRATYAAYTGCAT"	";"
"C125R2"	"CAD"	"R"	"TCGTTATTYTTNGCDATNAGYTGCAT"	";"
"C1098R2"	"CAD"	"R"	"GCTATGTTGTTNGGNAGYTGDCCNCCCAT"	";"
"CD1098R"	"CAD"	"R"	"TTNGGNAGYTGNCCNCCCAT"	";"
"CD1098R1"	"CAD"	"R"	"TTRTTNGGNARYTGNCCNCCCAT"	";"
"CD1098R2"	"CAD"	"R"	"GCTATGTTGTTNGGNAGYTGDCCNCCCAT"	";"
"CD1098Ra"	"CAD"	"R"	"TTRTTNGGNARYTGNCCNCCCAT"	";"
"CD1129R"	"CAD"	"R"	"ATTCTRGCTTGYTGYCTRTGYAAATCCAT"	";"
"CD1231R"	"CAD"	"R"	"TCCACGTGTTCNGANACNGCCATRCA"	";"
"CD1250R1"	"CAD"	"R"	"TCRTTNTTYTTWGCRATYAAYTGCAT"	";"
"CD1250R2"	"CAD"	"R"	"TCGTTATTYTTNGCDATNAGYTGCAT"	";"
				
"C1031F"	"CAD"	"F"	"TCHGTHGARTTYGATTGGTG"	";"
"C1050F"	"CAD"	"F"	"GAAACCGTGAGYACNGAYTAYGAYATGTC"	";"
"CD1031F"	"CAD"	"F"	"TCHGTHGARTTYGATTGGTG"	";"
"CD1050F"	"CAD"	"F"	"GAAACCGTGAGYACNGAYTAYGAYATGTC"	";"
"C1430R"	"CAD"	"R"	"GCRTARAARTCVCCVGTRCCC"	";"
"CD1378R"	"CAD"	"R"	"TCCACGTGTTCNGANACNGCCATRCA"	";"
"CD1430R"	"CAD"	"R"	"GCRTARAARTCVCCVGTRCCC"	";"
				
"B1490"	"COI"	"F"	"TTTCAACAAACCATAAGGATATTGG"	";"
"LC1490"	"COI"	"F"	"GGTCAACAAATCATAAAGATATTGG"	";"
"LCO1490"	"COI"	"F"	"GGTCAACAAATCATAAAGATATTGG"	";"
"LCO149"	"COI"	"F"	"GGTCAACAAATCATAAAGATATTGG"	";"
"Bcoi2R"	"COI"	"R"	"GCTAATATDGCRTARATTATTCC"	";"
"coi2R"	"COI"	"R"	"GCTAATATDGCRTARATTATTCC"	";"
"HC2198"	"COI"	"R"	"TAAACTTCAGGGTGACCAAAAAATCA"	";"
"HCO2198"	"COI"	"R"	"TAAACTTCAGGGTGACCAAAAAATCA"	";"
"HCO219"	"COI"	"R"	"TAAACTTCAGGGTGACCAAAAAATCA"	";"
"B2232"	"COI"	"R"	"CTCTTCTTGGCTAATAATWTGAGA"	";"
"B2232R"	"COI"	"R"	"CTCTTCTTGGCTAATAATWTGAGA"	";"
"B2239"	"COI"	"R"	"CCTCTTTCTTGDCTAATAAT"	";"
"B2239R"	"COI"	"R"	"CCTCTTTCTTGDCTAATAAT"	";"
				
"COI2679F"	"COI"	"F"	"CCAATTTTAATTGGAGGATTTGG"	";"
"B2679"	"COI"	"F"	"CCAATTTTAATTGGAGGATTTGG"	";"
"JER"	"COI"	"F"	"CAA CAT TTA TTT TGA TTT TTT GG"	";"
"Jerry"	"COI"	"F"	"CAA CAT TTA TTT TGA TTT TTT GG"	";"
"PAT"	"COI"	"R"	"TCC AAT GCA CTA ATC TGC CAT ATT A"	";"
"CMexF"	"COI"	"F"	";"	
"CMexR"	"COI"	"R"	";"	
"CMexR2"	"COI"	"R"	";"	
"COS1F"	"COI"	"F"	"TCTTTAAGAATAYTAATTCGAGC"	";"
"COS1R"	"COI"	"R"	"AAATGCTATATCTGGRGCTCCTA"	";"
"COS2R"	"COI"	"R"	"GAAATGCTATATCWGGRGCTCC"	";"
"COS2Ra"	"COI"	"R"	"GAAATGCTATATCWGGRGCNCC"	";"
"COS3R"	"COI"	"R"	"TTATTTATTCGAGGAAATGC"	";"
"COS2F"	"COI"	"F"	"AGAATATTAATTCGAGCWGAAYTAGG"	";"
				
"9b"	"COII"	"R"	"GTACTTGCTTTCAGTCATCTWATG"	";"
"Fleu"	"COII"	"F"	"TCTAATATGGCAGATTAGTGC"	";"
				
"1055F"	"18S"	"F"	"GGTGGTGCATGGCCG"	";"
"18L"	"18S"	"R"	"CACCYACGGAAACCTTGTTACGACTT"	";"
"18Sai"	"18S"	"F"	"CCTGAGAAACGGCTACCACATC"	";"
"18Sbi"	"18S"	"F"	"GAGTCTCGTTCGTTATCGGA"	";"
"20F"	"18S"	"F"	"CTGGTTGATCCTGCCAG"	";"
"515F"	"18S"	"F"	"GTGCCAGCMGCCGCGG"	";"
"518S"	"18S"	"F"	"TATGCTTGTCTCAAAGATTAA"	";"
"519R"	"18S"	"R"	"GWATTACCGCGGCKGCTG"	";"
"760F"	"18S"	"F"	"ATCAAGAACGAAAGT"	";"
"860F"	"18S"	"F"	"GAATAATGGAATAGGA"	";"
"909R"	"18S"	"R"	"GTCCTGTTCCATTATTCCAT"	";"
				
				
"28SD3"	"28S"	"R"	"GCATAGTTCACCATCTTTC"	";"
"D1"	"28S"	"F"	"GGGAGGAAAAGAAACTAAC"	";"
"D1MOD"	"28S"	"F"	"ACCCCCTRAATTTAAGCATAT"	";"
"D1WM"	"28S"	"F"	"AAAAGAAACYAACWRGGATTCCC"	";"
"D2F"	"28S"	"F"	"CGTGTTGCTTGATAGTGCAGC"	";"
"D2R"	"28S"	"R"	"TCAAGACGGGTCCTGAAAGT"	";"
"D3"	"28S"	"R"	"GCATAGTTCACCATCTTTC"	";"
"D3-MOD"	"28S"	"R"	"CGACCGATTTGCACGTCAG"	";"
"D33"	"28S"	"R"	"GCATAGTTCACCATCTTTC"	";"
"D33-"	"28S"	"R"	"GCATAGTTCACCATCTTTC"	";"
"D3aR"	"28S"	"R"	"TACGGACRTCCATCAGGGTTTCCCCTGACTTC"	";"
"D3F"	"28S"	"F"	"AGGACCCGTCTTGAAACACGG"	";"
"D3Fb"	"28S"	"F"	"CACGGACCAGGGAGTCTAGCAT"	";"
"D3Fc"	"28S"	"F"	"GGACCAGGGAGTCTAGCAT"	";"
"D3MOD"	"28S"	"R"	"CGACCGATTTGCACGTCAG"	";"
"D3R"	"28S"	"R"	"TCGGAAGGAACCAGCTACTA"	";"
"D3WM"	"28S"	"R"	"KRCMKAGMWCACCATCTTT"	";"
"L1041R"	"28S"	"R"	"TACGGACRTCCATCAGGGTTTCCCCTGACTTC"	";"
"L1066R"	"28S"	"R"	"CGACCGATTTGCACGTCAG"	";"
"L1126R"	"28S"	"R"	"TCGGAAGGAACCAGCTACTA"	";"
"L264F"	"28S"	"F"	"CGTGTTGCTTGATAGTGCAGC"	";"
"264F"	"28S"	"F"	"CGTGTTGCTTGATAGTGCAGC"	";"
"L30F"	"28S"	"F"	"ACCCCCTRAATTTAAGCATAT"	";"
"L58F"	"28S"	"F"	"GGGAGGAAAAGAAACTAAC"	";"
"LS58"	"28S"	"F"	"GGGAGGAAAAGAAACTAAC"	";"
"L64F"	"28S"	"F"	"AAAAGAAACYAACWRGGATTCCC"	";"
"L757F"	"28S"	"F"	"AGGACCCGTCTTGAAACACGG"	";"
"L770R"	"28S"	"R"	"TCAAGACGGGTCCTGAAAGT"	";"
"770R"	"28S"	"R"	"TCAAGACGGGTCCTGAAAGT"	";"
"L773F"	"28S"	"F"	"CACGGACCAGGGAGTCTAGCAT"	";"
"L776F"	"28S"	"F"	"GGACCAGGGAGTCTAGCAT"	";"
"LS998"	"28S"	"R"	"GCATAGTTCACCATCTTTC"	";"
"L998R"	"28S"	"R"	"GCATAGTTCACCATCTTTC"	";"
"L999R"	"28S"	"R"	"KRCMKAGMWCACCATCTTT"	";"
"LS1041R"	"28S"	"R"	"TACGGACRTCCATCAGGGTTTCCCCTGACTTC"	";"
"LS1041"	"28S"	"R"	"TACGGACRTCCATCAGGGTTTCCCCTGACTTC"	";"
"LS1066R"	"28S"	"R"	"CGACCGATTTGCACGTCAG"	";"
"LS1126R"	"28S"	"R"	"TCGGAAGGAACCAGCTACTA"	";"
"LS264F"	"28S"	"F"	"CGTGTTGCTTGATAGTGCAGC"	";"
"LS30F"	"28S"	"F"	"ACCCCCTRAATTTAAGCATAT"	";"
"LS58F"	"28S"	"F"	"GGGAGGAAAAGAAACTAAC"	";"
"LS64F"	"28S"	"F"	"AAAAGAAACYAACWRGGATTCCC"	";"
"LS757F"	"28S"	"F"	"AGGACCCGTCTTGAAACACGG"	";"
"LS770R"	"28S"	"R"	"TCAAGACGGGTCCTGAAAGT"	";"
"LS773F"	"28S"	"F"	"CACGGACCAGGGAGTCTAGCAT"	";"
"LS776F"	"28S"	"F"	"GGACCAGGGAGTCTAGCAT"	";"
"LS998R"	"28S"	"R"	"GCATAGTTCACCATCTTTC"	";"
"LS999R"	"28S"	"R"	"KRCMKAGMWCACCATCTTT"	";"
				
"3wg"	"wg"	"R"	"ACTCGCARCACCARTGGAATGTRCA"	";"
"wg3"	"wg"	"R"	"ACTCGCARCACCARTGGAATGTRCA"	";"
"3wg2"	"wg"	"R"	"CTCGCARCACCARTGGAATGTRCA"	";"
"wg2"	"wg"	"R"	"CTCGCARCACCARTGGAATGTRCA"	";"
"3wgB"	"wg"	"R"	"CTCGCARCACCARTGGAATGTRCA"	";"
"B3wg"	"wg"	"R"	"CTCGCARCACCARTGGAATGTRCA"	";"
"wgB"	"wg"	"R"	"CTCGCARCACCARTGGAATGTRCA"	";"
"wg5"	"wg"	"F"	"GARTGYAARTCYCAYGGYATGTCTGG"	";"
"5wg"	"wg"	"F"	"GARTGYAARTCYCAYGGYATGTCTGG"	";"
"5wg1"	"wg"	"F"	"GARTGYAARTCYCAYGGYATGTCTGG"	";"
"wg1"	"wg"	"F"	"GARTGYAARTCYCAYGGYATGTCTGG"	";"
"5wgB"	"wg"	"F"	"ACBTGYTGGATGCGNCTKCC"	";"
"B5wg"	"wg"	"F"	"ACBTGYTGGATGCGNCTKCC"	";"
"5WGNst"	"wg"	"F"	"ACBTGYTGGATGCGNCTK"	";"
"B3wg2"	"wg"	"R"	"ACTCGCARCACCAGTGGAATGTRCA"	";"
"B5wg1"	"wg"	"F"	"GARTGYAAGTGTCAYGGYATGTCTGG"	";"
"B5Wg2"	"wg"	"F"	"GARTGYAAGTGTCAYGGYATGTCTGG"	";"
"BwgA2R"	"wg"	"R"	"CCAGTGGAATGTRCMCGC"	";"
				
				
"A1794F"	"AlphaSpec"	"F"	"GTGGGTTCNGAYGAYTAYGGTCG"	";"
"A1822F"	"AlphaSpec"	"F"	"TCTCACGARCCNGCNATYCAAGC"	";"
"A1831F"	"AlphaSpec"	"F"	"CAAGAAGCTGGNGARAARCTNATGGAYGT"	";"
"A1925F"	"AlphaSpec"	"F"	"GCTTACYTNCARTTYATGTGGAARGC"	";"
"A1930R"	"AlphaSpec"	"F"	"TCAACNACRTCNGCYTTCCACAT"	";"
"A2030R"	"AlphaSpec"	"R"	"TCTTCGATTTGDCGGAAYTGRTCYTGCAT"	";"
"A2053R"	"AlphaSpec"	"R"	"TCCTCCTCAGCRTTYTCRAACCANGA"	";"
"A972F1"	"AlphaSpec"	"F"	"GGTCTCACTGCHTTYGARCAYGARGG"	";"
"A972F2"	"AlphaSpec"	"F"	"GGTCTCCATGCHTTYGARCAYGARGG"	";"
"AAF1A"	"Abdominal-A"	"F"	"AARTTCATHATYGATAGTATG"	";"
"AAR1A"	"Abdominal-A"	"R"	"TAGAACTGYGCSGCNRCNGCCAT"	";"
"AAR2A"	"Abdominal-A"	"R"	"CTCATCCARTCNTGRATKGACATCCA"	";"
				
"A592F"	"ArgK"	"F"	"CYAAYGCNTGCCGYTTCTG"	";"
"A592M"	"ArgK"	"F"	"CAGGAAACAGCTATGACCGCNAAYGCNTGCCGYTTCTGGCC"	";"
"A950R2"	"ArgK"	"R"	"CCCATRCGRCGYTTGTTRGARATGTCRTAGATGCC"	";"
"AK168F"	"ArgK"	"F"	"CAGGTTTGGARAAYCACGAYTCYGG"	";"
"AK168FM"	"ArgK"	"F"	"CAGGAAACAGCTATGACCCAGGTTTGGARAAYCACGAYTCYGG"	";"
"AK168M"	"ArgK"	"F"	"CAGGAAACAGCTATGACCCAGGTTTGGARAAYCACGAYTCYGG"	";"
"AK183F"	"ArgK"	"F"	"GATTCTGGAGTCGGNATYTAYGCNCCYGAYGC"	";"
"AK195F"	"ArgK"	"F"	"GGTATYTACGCNCCYGAYGCYGA"	";"
"AK195FM"	"ArgK"	"F"	"GGTATYTACGCNCCYGAYGCYGA"	";"
"AK195M"	"ArgK"	"R"	"TGTAAAACGACGGCCAGTGTNGGGCAGAARGTSARGAAACC"	";"
"AK195RM"	"ArgK"	"R"	"TGTAAAACGACGGCCAGTGTNGGGCAGAARGTSARGAAACC"	";"
"AK260F"	"ArgK"	"F"	"TTCGAYCCCATCATCGAAGACTACCA"	";"
"AK270F"	"ArgK"	"F"	"GGYTTCAAGAAGACYGACAA"	";"
"AK592F"	"ArgK"	"F"	"CYAAYGCNTGCCGYTTCTG"	";"
"AK592F2"	"ArgK"	"F"	"GCNAAYGCNTGCCGYTTCTGGCC"	";"
"AK592F2M"	"ArgK"	"F"	"CAGGAAACAGCTATGACCGCNAAYGCNTGCCGYTTCTGGCC"	";"
"AK59F2"	"ArgK"	"F"	"GCNAAYGCNTGCCGYTTCTGGCC"	";"
"AK660M"	"ArgK"	"R"	"TGTAAAACGACGGCCAGTTGATCYTCYTCRTTGCACCA"	";"
"AK660R"	"ArgK"	"R"	"TGATCYTCYTCRTTGCACCA"	";"
"AK660RM"	"ArgK"	"R"	"TGTAAAACGACGGCCAGTTGATCYTCYTCRTTGCACCA"	";"
"AK795R"	"ArgK"	"R"	"GTNGGGCAGAARGTSARGAAACC"	";"
"AK795RM"	"ArgK"	"R"	"GTNGGGCAGAARGTSARGAAACC"	";"
"AK830R"	"ArgK"	"R"	"ACCTTRATGTGYACGGAGGC"	";"
"AK933R"	"ArgK"	"R"	"CCCTCAGCYTCRGTGTGYTCNCCRCG"	";"
"AK939M"	"ArgK"	"R"	"TGTAAAACGACGGCCAGTGCCNCCYTCRGCYTCRGTGTGYTC"	";"
"AK939R"	"ArgK"	"R"	"GCCNCCYTCRGCYTCRGTGTGYTC"	";"
"AK939RM"	"ArgK"	"R"	"TGTAAAACGACGGCCAGTGCCNCCYTCRGCYTCRGTGTGYTC"	";"
"AK950R"	"ArgK"	"R"	"TTGTTRGARATGTCRTAGATGCC"	";"
"AK950R2"	"ArgK"	"R"	"CCCATRCGRCGYTTGTTRGARATGTCRTAGATGCC"	";"
"AK987R"	"ArgK"	"R"	"GCATCGAAYTCNGTNAGNCCCATRCG"	";"
"AKF2T"	"ArgK"	"F"	"GACTTCAARTCNCTTYTGAAGAA"	";"
"AKF3T"	"ArgK"	"F"	"TGATCGACGAYCACTTCCTSTT"	";"
"AKF4T"	"ArgK"	"F"	"TAYCAYGGYGGYTTCAAGAAG"	";"
"AKFsp1"	"ArgK"	"F"	"GAACARTAYAARGAAATGGAACAGAAGGT"	";"
"AKR2T"	"ArgK"	"R"	"ATMCCATCRTACATCTCCTTSAC"	";"
"AKRev2T"	"ArgK"	"R"	"GGTCTTGKCRTCRTTRTGG"	";"
"AKRsp1"	"ArgK"	"R"	"CCCATYTGCATSGAAATRATACGGAG"	";"
"AKRv2T"	"ArgK"	"R"	"GGTCTTGKCRTCRTTRTGG"	";"
"AS160F"	"AlphaSpec"	"F"	"CGCCAGTGTGACGARGTNATGTTYTGGAT"	";"
"AS1794F"	"AlphaSpec"	"F"	"GTGGGTTCNGAYGAYTAYGGTCG"	";"
"AS1822F"	"AlphaSpec"	"F"	"TCTCACGARCCNGCNATYCAAGC"	";"
"AS1831F"	"AlphaSpec"	"F"	"CAAGAAGCTGGNGARAARCTNATGGAYGT"	";"
"AS1925F"	"AlphaSpec"	"F"	"GCTTACYTNCARTTYATGTGGAARGC"	";"
"AS1930R"	"AlphaSpec"	"R"	"TCAACNACRTCNGCYTTCCACAT"	";"
"AS195F"	"AlphaSpec"	"F"	"TTCGACGAGTTCCARAARGAYATGGC"	";"
"AS1972F1"	"AlphaSpec"	"F"	"GGTCTCACTGCHTTYGARCAYGARGG"	";"
"AS1972F2"	"AlphaSpec"	"F"	"GGTCTCCATGCHTTYGARCAYGARGG"	";"
"AS2030R"	"AlphaSpec"	"R"	"TCTTCGATTTGDCGGAAYTGRTCYTGCAT"	";"
"AS2053R"	"AlphaSpec"	"R"	"TCCTCCTCAGCRTTYTCRAACCANGA"	";"
"AS384R"	"AlphaSpec"	"R"	"TCATCGGCDGARATRATSGCYTTCAT"	";"
"AS407R"	"AlphaSpec"	"R"	"TCAATCTCHCCYTTRTGYTCYTGRTG"	";"
"AS464F"	"AlphaSpec"	"F"	"CGCATCCTATAYGARCARTGYATGGA"	";"
"AS480F"	"AlphaSpec"	"F"	"ACCGAACAAGCNGAYACHTGGATGGC"	";"
"AS581F"	"AlphaSpec"	"F"	"CAATTTGAGCGYGAYTGYGACGARAC"	";"
"AS752R"	"AlphaSpec"	"R"	"GATGTTRTCAGCRTCRAARTGNCC"	";"
"AS921R"	"AlphaSpec"	"R"	"GACGAATCCTCATCYTTNCCRTARTC"	";"
				
				
"EFFor1"	"EF1-alpha"	"F"	"TTTGAGAAGGARGCNCARGARATGGG"	";"
"EFFor2"	"EF1-alpha"	"F"	"ATCTCTGGNTGGCAYGGNGAYAACATG"	";"
"EFRev1"	"EF1-alpha"	"R"	"CAAGCAATRTGRGCNGTRTGRCARTC"	";"
"EFRev2"	"EF1-alpha"	"R"	"TGGTGCATTTCNACNGAYTTNACTTCAGT"	";"
"EFRev3"	"EF1-alpha"	"R"	"CCAATACCNCCRATYTTGTANACRTCCT"	";"
"EN28F"	"enolase"	"F"	"CAAATCTTCGACTCTCGTGGNAAYCCNACNGTNGAGGT"	";"
"EN28F2"	"enolase"	"F"	"CAAATCTTCGACTCTCGTGGNAAYCC"	";"
"EN336F"	"enolase"	"F"	"CCAGTACCAGCTTTYAATGTKATHAAYGG"	";"
"EN37F"	"enolase"	"F"	"GACTCTCGTGGNAAYCCNACNGTNGAGGT"	";"
"EN493R"	"enolase"	"R"	"GCACCTGTCGGTAARATCATRAAYTCYTGCAT"	";"
"EN727R"	"enolase"	"R"	"TCTGATGCNGCNACRTCCATNCCDAT"	";"
"EN730R"	"enolase"	"R"	"AACTCTGANGCNGCNACRTCCATRCC"	";"
"EN731R"	"enolase"	"R"	"CTTGTAGAACTCNGANGCNGCNACRTCCAT"	";"
"GTF1A"	"GART"	"F"	"AAYCANGGMGGMATGGGNGCNTAYTG"	";"
"GTF2A"	"GART"	"F"	"GGTGGYGARCANGCNGARATGCC"	";"
"GTF3A"	"GART"	"F"	"GCTYTCGCNCACATHCANGGYGG"	";"
"GTR1A"	"GART"	"R"	"CANAAYGGYGGNCGKGTAYTGAT"	";"
"GTR2A"	"GART"	"R"	"ATRCGCATRAARCCNGCNAGRCARAT"	";"
				
"M13"	"plasmid"	"F"	"CAGGAAACAGCTATGACC"	";"
"M13-21"	"plasmid"	"R"	"TGTAAAACGACGGCCAGT"	";"
"NLF184"	"28S"	"F"	"ACCCGCTGAAYTTAAGCATAT"	";"
"NL184"	"28S"	"F"	"ACCCGCTGAAYTTAAGCATAT"	";"
"NLF184/21"	"28S"	"F"	"ACCCGCTGAAYTTAAGCATAT"	";"
"P1097R"	"Pol2"	"R"	"CCAGCGAAGTGGAAVGTRTTNAGBGTCATYTG"	";"
"P2F2A"	"Pol2"	"F"	"AAYAAACCVGTYATGGGTATTGTRCA"	";"
"P2F3A"	"Pol2"	"F"	"GAYGCTCGTGACAARACYGGTGG"	";"
"P2R1A"	"Pol2"	"R"	"GARCCACCRGTYTTGTCACGAGC"	";"
"P2R2A"	"Pol2"	"R"	"CCYTTNGADCCNGANACBACCATAGC"	";"
"P2R3A"	"Pol2"	"R"	"AARATYTTYTGYACRTTCCARATCAT"	";"
"P340R1"	"PEPCK"	"R"	"GCAACNCCRAAGAANCCRTTTTC"	";"
"P340R2"	"PEPCK"	"R"	"GCAACNCCRAAGAANCCRTTCTC"	";"
"P387R2"	"PEPCK"	"R"	"ATCTGACCHCGCATNACRCTCATYTG"	";"
"P3wg2"	"wg"	"F"	"ACTGCGCARCACCAGTGGAATGTRCA"	";"
"P485R2"	"PEPCK"	"R"	"GCAGCAGTNGCTTCRCTHCGCAT"	";"
"P5wg1"	"wg"	"R"	"GAGTGTAAGTGTCAYGGTATGTCTGG"	";"
"PGF1"	"phosphogluc dehyd"	"F"	"GACATTGGTCTAATAGGNCTRGCNGTYATGGG"	";"
"PGF2A"	"phosphogluc dehyd"	"F"	"GATATCATCATWGAYGGYGGHAAYTCNGA"	";"
"PGR1"	"phosphogluc dehyd"	"R"	"TGCATGTCTCCATACTCDATNCCRTTGTGNACCAT"	";"
"PGR2"	"phosphogluc dehyd"	"R"	"TCGATTAGGAAACTGTCHAGYTCNCCYTTRTTCCA"	";"
"PK251F"	"PEPCK"	"F"	"GAAATCGTATCYTAYGGNAGNGGNTACGG"	";"
"PK282"	"PEPCK"	"F"	"GAAGGATGGCTBGCNGARCAYATG"	";"
"PK282F"	"PEPCK"	"F"	"GAAGGATGGCTBGCNGARCAYATG"	";"
"PK311F"	"PEPCK"	"F"	"GCTTGTGGTAAGACGAAYYTNGCYATGATG"	";"
"PK330F"	"PEPCK"	"F"	"GAGTGCGTTGGDGAYGACATHGCNTGGATG"	";"
"PK340R1"	"PEPCK"	"R"	"GCAACNCCRAAGAANCCRTTTTC"	";"
"PK340R2"	"PEPCK"	"R"	"GCAACNCCRAAGAANCCRTTCTC"	";"
"PK485R"	"PEPCK"	"R"	"GCAGCVGTNGCYTCRCTYCTCAT"	";"
"PK485R2"	"PEPCK"	"R"	"GCAGCAGTNGCTTCRCTHCGCAT"	";"
"PK501R"	"PEPCK"	"R"	"GGACGCATRGCRAANGGRTCGTGCAT"	";"
"PK502R"	"PEPCK"	"R"	"AAGAATGGACGCATNGCRAANGGRTC"	";"
"PKin1F"	"PEPCK"	"F"	"GAYGGNGGNGTNTTYTGGGA"	";"
"PKin1R"	"PEPCK"	"R"	"ACCKNGARTTNGGRTGWGC"	";"
"PKint1F"	"PEPCK"	"F"	"GAYGGNGGNGTNTTYTGGGA"	";"
"PKint1R"	"PEPCK"	"R"	"ACCKNGARTTNGGRTGWGC"	";"
"PKlc1F"	"PEPCK"	"F"	"GAGAAGGTCAAGATTTCGGATTGG"	";"
"PKlc1R"	"PEPCK"	"R"	"GTACCAATCCGAAATCTTGACCTTC"	";"
"PKsp1F"	"PEPCK"	"F"	"AACAATGTCCRATTATWGAYCC"	";"
"PKtb1F"	"PEPCK"	"F"	"TAAGGATGGAGAGCAGCTAACAGACTGG"	";"
"PKtb1R"	"PEPCK"	"R"	"ATCCTTAACTAACTTCTCCATTCCTTCCC"	";"
"PKtm1F"	"PEPCK"	"F"	"CAGACTGGAGAGGCAACAGATGGGTGA"	";"
"PKtm1R"	"PEPCK"	"R"	"CAGGAGTTTTGCTTTGACCTTTCAC"	";"
"PL1097R"	"Pol2"	"R"	"CCAGCGAAGTGGAAVGTRTTNAGBGTCATYTG"	";"
"PL457F"	"Pol2"	"F"	"CAGCCTACACTACAYAARATGAGTATGATGGG"	";"
"PL488F"	"Pol2"	"F"	"TACAACGCTGAYGGTGAYGARATGAA"	";"
"PL525F"	"Pol2"	"F"	"CAAGCTAACAAACCVGTNATGGGYATHGT"	";"
"PL527F"	"Pol2"	"F"	"AAYAAACCVGTYATGGGTATTGTRCA"	";"
"PL625R"	"Pol2"	"R"	"CCCATGACTAGYTCNCCRTGYTCNACCAT"	";"
"PL709F"	"Pol2"	"F"	"GTCATAGAGGTAATCCARAARGCNCAYAAYATGGA"	";"
"PL743F"	"Pol2"	"F"	"GAYGCTCGTGACAARACYGGTGG"	";"
"PL744R"	"Pol2"	"R"	"GARCCACCRGTYTTGTCACGAGC"	";"
"PL758R"	"Pol2"	"R"	"ACGACCATAGCCTTBAGRTTRTTRTAYTC"	";"
"PL764R"	"Pol2"	"R"	"CCYTTNGADCCNGANACBACCATAGC"	";"
"PL859F"	"Pol2"	"F"	"CGTCTGATCAAGGCTATGGARTCNGTNATGGT"	";"
"PL863R"	"Pol2"	"R"	"CCATCGTAATGTACCATVACNGAYTCCATAGC"	";"
"PL982R"	"Pol2"	"R"	"AARATYTTYTGYACRTTCCARATCAT"	";"
"PT112F"	"P4KII"	"F"	"GTATTCAAGCCNAARGAYGARGARCC"	";"
"PT125F"	"P4KII"	"F"	"AATCCBAAGTGGACNAARTGGATGC"	";"
"PT134F"	"P4KII"	"F"	"AAGCTGTGTTGTCCNTGYTGTTTYGG"	";"
"PT226F"	"P4KII"	"F"	"GTAGATGGTTACAAGGAYGCNGAYTAYGG"	";"
"PT329R"	"P4KII"	"R"	"AACCATGCCCAATGATAVGGRTANGC"	";"
"PT387R"	"P4KII"	"R"	"ATCTGACCHCGCATNACNGACATYTG"	";"
"PT387R2"	"P4KII"	"R"	"ATCTGACCHCGCATNACRCTCATYTG"	";"
"PT441R"	"P4KII"	"R"	"TAACACCAKGARAARAANGGRCT"	";"
"S1054F"	"18S"	"F"	"ATCAAGAACGAAAGT"	";"
"S1090R"	"18S"	"R"	"GAGTCTCGTTCGTTATCGGA"	";"
"S1354F"	"18S"	"F"	"GGTGGTGCATGGCCG"	";"
"S1554R"	"18S"	"R"	"GTCCTGTTCCATTATTCCAT"	";"
"S1893R"	"18S"	"R"	"CACCYACGGAAACCTTGTTACGACTT"	";"
"S27F"	"18S"	"F"	"TATGCTTGTCTCAAAGATTAA"	";"
"S398F"	"18S"	"F"	"CCTGAGAAACGGCTACCACATC"	";"
"S4F"	"18S"	"F"	"CTGGTTGATCCTGCCAG"	";"
"S570F"	"18S"	"F"	"GTGCCAGCMGCCGCGG"	";"
"S728R"	"18S"	"R"	"GWATTACCGCGGCKGCTG"	";"
"S887F"	"18S"	"F"	"GAATAATGGAATAGGA"	";"
"SS1054F"	"18S"	"F"	"ATCAAGAACGAAAGT"	";"
"SS1090R"	"18S"	"R"	"GAGTCTCGTTCGTTATCGGA"	";"
"SS1354F"	"18S"	"F"	"GGTGGTGCATGGCCG"	";"
"SS1554R"	"18S"	"R"	"GTCCTGTTCCATTATTCCAT"	";"
"SS1893R"	"18S"	"R"	"CACCYACGGAAACCTTGTTACGACTT"	";"
"SS27F"	"18S"	"F"	"TATGCTTGTCTCAAAGATTAA"	";"
"SS398F"	"18S"	"F"	"CCTGAGAAACGGCTACCACATC"	";"
"SS570F"	"18S"	"F"	"GTGCCAGCMGCCGCGG"	";"
"SS728R"	"18S"	"R"	"GWATTACCGCGGCKGCTG"	";"
"SS887F"	"18S"	"F"	"GAATAATGGAATAGGA"	";"
"SSU4F"	"18S"	"F"	"CTGGTTGATCCTGCCAG"	";"
"TopF1a"	"Topo"	"F"	"GARGTNTGGAARTGGTGGGARGA"	";"
"TopF1A"	"Topo"	"F"	"GARGTNTGGAARTGGTGGGARGA"	";"
"TopF2A"	"Topo"	"F"	"TTCCGTACDTAYGCDTCKTGGAC"	";"
"TopF2B"	"Topo"	"F"	"TTCCGTACDTAYGCDTCKTGGAC"	";"
"TopF3"	"Topo"	"F"	"GACGATTGGAARTCNAARGARATG"	";"
"TopF4"	"Topo"	"F"	"GAGGACCAAGCNGAYACNGTDGGTTGTTG"	";"
"TopR1A"	"Topo"	"R"	"GCAGTCRTAYTTYTGCCARTC"	";"
"TopR2"	"Topo"	"R"	"GGWCCDGCATCDATDGCCCA"	";"
"TopR2A"	"Topo"	"R"	"GGWCCDGCATCDATDGCCCA"	";"
"TopR2B"	"Topo"	"R"	"TAGTCTGGACCDGCCATRTCDATHGCCCCA"	";"
"TopR3"	"Topo"	"R"	"GTCTCTTTGCGTYTTRTTRTADATYTTYTC"	";"
"TP643F"	"Topo"	"F"	"GACGATTGGAARTCNAARGARATG"	";"
"TP675F"	"Topo"	"F"	"GAGGACCAAGCNGAYACNGTDGGTTGTTG"	";"
"TP919R"	"Topo"	"R"	"GTCTCTTTGCGTYTTRTTRTADATYTTYTC"	";"
"TP932R"	"Topo"	"R"	"GGWCCDGCATCDATDGCCCA"	";"
"W569D1"	"wg"	"F"	"GGNATGTCYTGYCANRTNAARAC"	";"
"W578D1"	"wg"	"F"	"TGNACNATNAARACYTGYTCGATG"	";"
"W578D2"	"wg"	"F"	"TGCACNATNAARACNTGYTGGATG"	";"
"W581D1"	"wg"	"F"	"ACNATNAARACYTGYTCGATG"	";"
"W581D2"	"wg"	"F"	"ACNGTNAARACYTGYTCGATG"	";"
"Wg1032"	"wg"	"R"	"ACYTCGCAGCACCARTGGAA"	";"
"Wg1032R"	"wg"	"R"	"ACYTCGCAGCACCARTGGAA"	";"
"Wg395F"	"wg"	"F"	"GARTGGGGYGGYTGYTCGGA"	";"
"Wg532F"	"wg"	"F"	"CACGTRAANGAYCAGATGCGTCA"	";"
"wg550F"	"wg"	"F"	"ATGCGTCAGGARTGYAARTGYCAYGGYATGTC"	";"
"Wg554D"	"wg"	"F"	"GARAGYAARTGYCAYGGYATG"	";"
"Wg554T"	"wg"	"F"	"GATAGGAAATGCCACGGAATG"	";"
"Wg569D1"	"wg"	"F"	"GGNATGTCYTGYCANRTNAARAC"	";"
"Wg578D1"	"wg"	"F"	"TGNACNATNAARACYTGYTCGATG"	";"
"Wg578D2"	"wg"	"F"	"TGCACNATNAARACNTGYTGGATG"	";"
"WG578F"	"wg"	"F"	"TGCACNGTGAARACYTGCTGGATG"	";"
"Wg581D1"	"wg"	"F"	"ACNATNAARACYTGYTCGATG"	";"
"Wg581D2"	"wg"	"F"	"ACNGTNAARACYTGYTCGATG"	";"
"Wg646R"	"wg"	"R"	"TTGCTGACCATNACBCGVGANGC"	";"
"Wg647F"	"wg"	"F"	"TTCGACGGTGCNTCYAGRGTNATGGT"	";"
"Wg969R"	"wg"	"R"	"GTTCGGTANCCYCKNCCRCARCACAT"	";"
"wgAbR"	"wg"	"R"	"YTCGCAGCACCARTGGAA"	";"
"WgAbR3"	"wg"	"R"	"ACYTCGCAGCACCARTGGAA"	";"
"WgAbRT"	"wg"	"R"	"TCRCAGCACCARTGAAACGA"	";"
"WGABRT"	"wg"	"R"	"TCRCAGCACCARTGAAACGA"	";"
"WgAbRX"	"wg"	"R"	"TTSAYYTCYCARCACCART"	";"
"WgAbRZ"	"wg"	"R"	"CACTTNACYTCRCARCACCARTG"	";"
"wgBalF"	"wg"	"F"	"TATACACAGTAACCACG"	";"
"wgBalliF"	"wg"	"F"	"TATACACAGTAACCACG"	";"
"WgDeF1"	"wg"	"F"	"GCTGCCACCTTTCAGAGTTATC"	";"
"WgDeR1"	"wg"	"R"	"GATGACTTCTTGGCTTCTGTAACC"	";"
"wgHscF"	"wg"	"F"	"AGGTACAACTTGCAGTTAAAGCC"	";"
"wgHscR"	"wg"	"R"	"GCCGTGAATGCTGTT"	";"
"wgHydscF"	"wg"	"F"	"AGGTACAACTTGCAGTTAAAGCC"	";"
"wgHydscR"	"wg"	"R"	"GCCGTGAATGCTGTT"	";"
"WgSp1F"	"wg"	"F"	"AGCTTCCAGCTGAAACCGTA"	";"
"WgSp1R"	"wg"	"R"	"GTACACTGTTCTCCAGGATCTGAC"	";"
				
"Spwgf1"	"wg"	"F"	"GYAAATGCCAYGGWATGTCMGG"	";"
				
"Spwgr1"	"wg"	"R"	"ACTTGRCAACACCARTGAAAWG"	";"
				
"ZX1"	"28S"	"F"	"ACCCGCTGAATTTAAGCATAT"	";"
				
"28SC"	"28S"	"R"	"GGT TCG ATT AGT CTT TCGCC"	";"
				
"28SO"	"28S"	"F"	"GAAACTGCTCAAAGGTAAACGG"	";"
				
"ActR1B"	"Actin"	"R"		";"
				
"ActMBF2"	"Actin"	"F"		";"
				
"Trwg1F"	"wg"	"F"	"GTRAARACYTGYTGGATGCG;"	
"gnaF2"	"18S"	"F"	"TGCTCTTAATTGAGTGtcgAGGCGGGCCGG"	";"
"gnaR"	"18S"	"R"		";"
"wgBalR"	"wg"	"R"		";"
"wgYF"	"wg"	"F"		";"
"D1T7"	"28S"	"F"		";"
"D3M13R"	"28S"	"R"		";"
"LSOcyF"	"28S"	"F"	";"	
"LSOcyR"	"28S"	"R"	";"	
"COIIFo"	"COII"	"F"	";"	
"COIIRe"	"COII"	"R"	";"	
"28S1F"	"28S"	"F"	"GAAACCGTTCAGGGGTAAACCTGAG"	";"
"28S2R"	"28S"	"R"	"CTCCACCGYRGGCCGTARATGGC"	";"
"28S1R"	"28S"	"R"	"TGTGCTACTACCGTCGGGCAGCC"	";"
"28Ss1F"	"28S"	"F"	"GAAACCGTTCAGGGGTAAACCTGAG"	";"
"28Ss2R"	"28S"	"R"	"CTCCACCGYRGGCCGTARATGGC"	";"
"28Ss1R"	"28S"	"R"	"TGTGCTACTACCGTCGGGCAGCC"	";"
"N13398"	"16SND1"	"R"		";"
"N12261"	"16SND1"	"F"		";"
				
"16SAR"	"16S"	"F"	"CGCCTGTTTAACAAAAACAT"	";"
"ND1A"	"16S"	"R"	"GGTCCCTTACGAATTTGAATATATCCT"	";"
				
				
				
"MSP1F"	"MSP"	"F"	"CGAGAYGARGTYGATAARATGATGCA"	";"
"MSP2F"	"MSP"	"F"	"GCYGGACAAAAGGARATYAAYCARTGG"	";"
"MSP1R"	"MSP"	"R"	"TCWACCAGATCCATCCACTTGACCAT"	";"
"D3L"	"28S"	"R"	"GCATAGTTCACCATCTTTCGGG"	";"
"LS1F"	"28S"	"F"	"AGAGTTCAAGAGTACGTGAAACCG"	";"
"LS1R"	"28S"	"R"	"TTTCGGGTKTCWCAGGTTTAC"	";"
"2DF"	"18S"	"F"		";"
"27F"	"18S"	"F"		";"
"515R"	"18S"	"R"		";"
"1513R"	"18S"	"R"		";"
"Myo15"	"Myo15_F"	"F"	";"	
"Myo15"	"Myo15_R"	"R"	";"	
"mp20O"	"mp20O_F"	"F"	";"	
"mp20O"	"mp20O_R"	"R"	";"	
"Rab"	"Rab_F"	"F"	";"	
"Rab"	"Rab_R"	"R"	";"	
"RpL32"	"RpL32_F"	"F"	";"	
"RpL32"	"RpL32_R"	"R"	";"	
"TPK"	"TPK_F"	"F"	";"	
"TPK"	"TPK_R"	"R"	";"	
"UkP2"	"UkP2_F"	"F"	";"	
"UkP2"	"UkP2_R"	"R"	";"	
				
				
"ShortF"			"CAA TTT CCA AAT CCN CCA AT"	";"
"ShortR"			"GGT CAA CAA ATC ATA AAG ATA TTG GAA"	";"
